id,height,area,mz,rt,fermo:active,fermo:samples,fermo:samples:count,fermo:isblank,fermo:category:phylogroup,fermo:category:medium,fermo:networks:modified_cosine:network_id,fermo:networks:ms2deepscore:network_id,fermo:phenotype:qualitative,fermo:annotation:adducts,fermo:annotation:neutral_losses,fermo:annotation:matches:ms2query_annotation,fermo:annotation:matches:user_library_annotation,fermo:annotation:matches:antismash_kcb_annotation,fermo:annotation:fragments
1,17000,2500,268.9976,1.88,true,5456_5455_mod.mzXML|5432_5431_mod2.mzXML|D3_H3_mod.mzXML|5434_5433_mod.mzXML|5444_5443_mod.mzXML|5440_5439_mod.mzXML|5425_5426_mod.mzXML|5446_5445_mod.mzXML|5458_5457_mod.mzXML|5452_5451_mod.mzXML,10.0,true,,,0.0,0.0,,,,,,'saccharochelin_D|BGC0002424|sim%:100.0|JABTEZ010000002.1_c6'(score=0.76;algorithm=ms2deepscore;diff_mz=461.4369)|'saccharochelin_E|BGC0002424|sim%:100.0|JABTEZ010000002.1_c6'(score=0.71;algorithm=ms2deepscore;diff_mz=475.4526),
2,9600,1300,284.9716,1.93,true,5456_5455_mod.mzXML|5432_5431_mod2.mzXML|D3_H3_mod.mzXML|5434_5433_mod.mzXML|5444_5443_mod.mzXML|5440_5439_mod.mzXML|5425_5426_mod.mzXML|5446_5445_mod.mzXML|5458_5457_mod.mzXML|5452_5451_mod.mzXML,10.0,true,,,,,,,,,,,
3,40000,8500,247.1276,3.57,true,5456_5455_mod.mzXML|5432_5431_mod2.mzXML|5434_5433_mod.mzXML|5444_5443_mod.mzXML|5440_5439_mod.mzXML|5425_5426_mod.mzXML|5446_5445_mod.mzXML|5458_5457_mod.mzXML|5452_5451_mod.mzXML,9.0,false,S|C|A2,AF,1.0,1.0,,,,,,,"'Val-Glu(b2, [M+H]+)'(detected_fragment=229.1185;diff_ppm=1.0)|'Ile-Asp(b2, [M+H]+)'(detected_fragment=229.1185;diff_ppm=1.0)|'Leu-Asp(b2, [M+H]+)'(detected_fragment=229.1185;diff_ppm=1.0)|'Ala-Pip(b2, [M+H]+)'(detected_fragment=184.0937;diff_ppm=9.8)"
4,58000,9500,261.1439,5.57,true,5425_5426_mod.mzXML|5456_5455_mod.mzXML|5432_5431_mod2.mzXML|5434_5433_mod.mzXML|5444_5443_mod.mzXML|5450_5449_mod.mzXML|5440_5439_mod.mzXML|5446_5445_mod.mzXML|5458_5457_mod.mzXML|5452_5451_mod.mzXML,10.0,false,S|C|V2|A2,AF,1.0,2.0,,,"'Pyridine-derivatives(C5H5N, putatively from metabolite)'(detected_loss=79.0419;diff_ppm=3.8)",,,'erythrochelin|BGC0000349|sim%:86.0|JABTEZ010000002.1_c6'(score=0.81;algorithm=ms2deepscore;diff_mz=343.1498)|'saccharochelin_H|BGC0002424|sim%:100.0|JABTEZ010000002.1_c6'(score=0.8;algorithm=ms2deepscore;diff_mz=497.3219)|'scabichelin|BGC0000423|sim%:80.0|JABTEZ010000002.1_c6'(score=0.78;algorithm=ms2deepscore;diff_mz=387.2236)|'saccharochelin_F|BGC0002424|sim%:100.0|JABTEZ010000002.1_c6'(score=0.73;algorithm=ms2deepscore;diff_mz=483.3063)|'saccharochelin_E|BGC0002424|sim%:100.0|JABTEZ010000002.1_c6'(score=0.7;algorithm=ms2deepscore;diff_mz=483.3063),"'Ala-Val(b2, [M+H]+)'(detected_fragment=171.1138;diff_ppm=5.8)|'Gly-Ile(b2, [M+H]+)'(detected_fragment=171.1138;diff_ppm=5.8)|'Gly-Leu(b2, [M+H]+)'(detected_fragment=171.1138;diff_ppm=5.8)|'Ile-Glu(b2, [M+H]+)'(detected_fragment=243.1319;diff_ppm=8.3)|'Leu-Glu(b2, [M+H]+)'(detected_fragment=243.1319;diff_ppm=8.3)"
5,20000,3600,423.1959,5.82,true,5434_5433_mod.mzXML|5432_5431_mod2.mzXML|5458_5457_mod.mzXML|5440_5439_mod.mzXML,4.0,false,S|C|A2,AF,2.0,3.0,,,"'Leucine-methyloxazoline(ribosomal, putatively from AAs L-T)'(detected_loss=197.1279;diff_ppm=0.5)|'Isoleucine-methyloxazoline(ribosomal, putatively from AAs I-T)'(detected_loss=197.1279;diff_ppm=0.5)|'Leucine-methyloxazole(ribosomal, putatively from AAs L-T)'(detected_loss=195.1122;diff_ppm=4.1)|'Isoleucine-methyloxazole(ribosomal, putatively from AAs I-T)'(detected_loss=195.1122;diff_ppm=4.1)|'Phenylalanine(ribosomal, putatively from AAs F)'(detected_loss=147.0692;diff_ppm=8.2)",'unknown'(score=0.7147;algorithm=ms2query;diff_mz=21.0139),,'erythrochelin|BGC0000349|sim%:86.0|JABTEZ010000002.1_c6'(score=0.75;algorithm=ms2deepscore;diff_mz=181.0978),"'Ile-Met(y2, [M+H]+)'(detected_fragment=263.1423;diff_ppm=0.3)|'Leu-Met(y2, [M+H]+)'(detected_fragment=263.1423;diff_ppm=0.3)|'Val-Phe(b2, [M+H]+)'(detected_fragment=247.144;diff_ppm=0.4)|'Ser-Ile(b2, [M+H]+)'(detected_fragment=201.1236;diff_ppm=1.1)|'Ser-Leu(b2, [M+H]+)'(detected_fragment=201.1236;diff_ppm=1.1)|'Val-Thr(b2, [M+H]+)'(detected_fragment=201.1236;diff_ppm=1.1)|'Ile-Dha(y2, [M+H]+)'(detected_fragment=201.1236;diff_ppm=1.2)|'Leu-Dha(y2, [M+H]+)'(detected_fragment=201.1236;diff_ppm=1.2)|'Val-Dhb(y2, [M+H]+)'(detected_fragment=201.1236;diff_ppm=1.2)|'Glu-Dhb(y2, [M+H]+)'(detected_fragment=231.0971;diff_ppm=1.9)|'Pro-Asp(y2, [M+H]+)'(detected_fragment=231.0971;diff_ppm=1.9)|'Thr-Glu(b2, [M+H]+)'(detected_fragment=231.0971;diff_ppm=1.9)|'Ser-Arg(y2, [M+H]+)'(detected_fragment=262.1519;diff_ppm=3.5)|'Ile-Glu(y2, [M+H]+)'(detected_fragment=261.1461;diff_ppm=6.2)|'Leu-Glu(y2, [M+H]+)'(detected_fragment=261.1461;diff_ppm=6.2)|'Asp-Pip(b2, [M+H]+)'(detected_fragment=228.0837;diff_ppm=8.7)"
6,70000,15000,261.1445,5.86,true,5456_5455_mod.mzXML|5432_5431_mod2.mzXML|5434_5433_mod.mzXML|5444_5443_mod.mzXML|5440_5439_mod.mzXML|5425_5426_mod.mzXML|5446_5445_mod.mzXML|5458_5457_mod.mzXML|5452_5451_mod.mzXML,9.0,false,S|C|A2,AF,1.0,2.0,,[M+NH4]+(partner_ID=37;adduct=[M+H]+;m/z=244.1164),"'Pyridine-derivatives(C5H5N, putatively from metabolite)'(detected_loss=79.0425;diff_ppm=3.8)",,,'erythrochelin|BGC0000349|sim%:86.0|JABTEZ010000002.1_c6'(score=0.81;algorithm=ms2deepscore;diff_mz=343.1492)|'saccharochelin_H|BGC0002424|sim%:100.0|JABTEZ010000002.1_c6'(score=0.8;algorithm=ms2deepscore;diff_mz=497.3213)|'scabichelin|BGC0000423|sim%:80.0|JABTEZ010000002.1_c6'(score=0.78;algorithm=ms2deepscore;diff_mz=387.223)|'saccharochelin_F|BGC0002424|sim%:100.0|JABTEZ010000002.1_c6'(score=0.73;algorithm=ms2deepscore;diff_mz=483.3057)|'saccharochelin_E|BGC0002424|sim%:100.0|JABTEZ010000002.1_c6'(score=0.7;algorithm=ms2deepscore;diff_mz=483.3057),"'Ala-Val(b2, [M+H]+)'(detected_fragment=171.1138;diff_ppm=5.8)|'Gly-Ile(b2, [M+H]+)'(detected_fragment=171.1138;diff_ppm=5.8)|'Gly-Leu(b2, [M+H]+)'(detected_fragment=171.1138;diff_ppm=5.8)|'Ile-Glu(b2, [M+H]+)'(detected_fragment=243.1319;diff_ppm=8.3)|'Leu-Glu(b2, [M+H]+)'(detected_fragment=243.1319;diff_ppm=8.3)"
7,49000,7400,295.1282,6.34,true,5456_5455_mod.mzXML|5432_5431_mod2.mzXML|5434_5433_mod.mzXML|5444_5443_mod.mzXML|5440_5439_mod.mzXML|5425_5426_mod.mzXML|5446_5445_mod.mzXML|5458_5457_mod.mzXML|5452_5451_mod.mzXML,9.0,false,S|C|A2,AF,3.0,4.0,,,"'Glutamine(C5H10N2O3, putatively from metabolite)'(detected_loss=146.0692;diff_ppm=0.7)|'Pyroglutamic-acid(C5H7NO3, putatively from metabolite)'(detected_loss=129.0435;diff_ppm=7.0)",,,,"'Tyr-Dha(b2, [M+H]+)'(detected_fragment=233.0923;diff_ppm=1.0)|'Gln-His(y2, [M+H]+)'(detected_fragment=284.1365;diff_ppm=4.1)|'Glu-Met(y2, [M+H]+)'(detected_fragment=279.1021;diff_ppm=4.2)|'Glu-Glu(y2, [M+H]+)'(detected_fragment=277.1051;diff_ppm=7.5)"
8,60000,8700,506.2034,6.47,true,5432_5431_mod2.mzXML|5440_5439_mod.mzXML,2.0,false,A2,AF,4.0,5.0,,,"'Trp-oxazole(ribosomal, putatively from AAs W-S)'(detected_loss=254.0918;diff_ppm=0.8)|'Trp-methyloxazole(ribosomal, putatively from AAs W-T)'(detected_loss=268.1092;diff_ppm=4.5)|'Phenylalanine(ribosomal, putatively from AAs F)'(detected_loss=147.0687;diff_ppm=4.8)|'Formic-acid(HCOOH, putatively from metabolite)'(detected_loss=46.0052;diff_ppm=6.5)",,'Biarylitide YFH M+H'(score=0.99;algorithm=ms2deepscore;diff_mz=0.0014)|'Biarylitide YYH M+H'(score=0.98;algorithm=ms2deepscore;diff_mz=15.9946)|'Biarylitide YYH M+H'(score=0.78;algorithm=modified cosine;diff_mz=15.9946)|'Biarylitide YFH M+H'(score=0.77;algorithm=modified cosine;diff_mz=0.0014),'JBIR-78|BGC0001628|sim%:100.0|JABTEZ010000003.1_c2'(score=0.74;algorithm=ms2deepscore;diff_mz=320.1947)|'antipain|BGC0002051|sim%:100.0|JABTEZ010000004.1_c1'(score=0.71;algorithm=ms2deepscore;diff_mz=99.1484),"'Gln-Trp(b2, [M+H]+)'(detected_fragment=315.1454;diff_ppm=0.7)|'Trp-Dha(y2, [M+H]+)'(detected_fragment=274.1183;diff_ppm=1.1)|'Ser-Trp(b2, [M+H]+)'(detected_fragment=274.1183;diff_ppm=1.2)|'His-Phe(b2, [M+H]+)'(detected_fragment=285.1332;diff_ppm=4.9)|'Ala-Glu(b2, [M+H]+)'(detected_fragment=201.0883;diff_ppm=6.6)|'Ile-Met(b2, [M+H]+)'(detected_fragment=245.1335;diff_ppm=6.8)|'Leu-Met(b2, [M+H]+)'(detected_fragment=245.1335;diff_ppm=6.8)|'Pro-Glu(b2, [M+H]+)'(detected_fragment=227.101;diff_ppm=7.2)|'Asp-His(b2, [M+H]+)'(detected_fragment=253.0951;diff_ppm=7.8)|'Gln-Pip(b2, [M+H]+)'(detected_fragment=241.1154;diff_ppm=8.5)|'Asn-Arg(b2, [M+H]+)'(detected_fragment=271.1487;diff_ppm=9.7)|'Asn-His(b2, [M+H]+)'(detected_fragment=252.1116;diff_ppm=9.8)"
9,85000,16000,364.1614,6.57,true,5434_5433_mod.mzXML|5432_5431_mod2.mzXML|5450_5449_mod.mzXML|5440_5439_mod.mzXML,4.0,false,S|V2|A2,AF,5.0,6.0,,,,,'KF 77AG6 M+H'(score=0.98;algorithm=modified cosine;diff_mz=2.0286)|'Chymostatin B M+H'(score=0.73;algorithm=modified cosine;diff_mz=230.1406),,"'Ala-Glu(b2, [M+H]+)'(detected_fragment=201.0876;diff_ppm=3.1)"
10,13000,3100,190.0481,7.78,true,5432_5431_mod2.mzXML|5440_5439_mod.mzXML,2.0,false,A2,AF,6.0,7.0,,,"'Carbon-monoxide(CO, putatively from metabolite)'(detected_loss=27.995;diff_ppm=3.6)",,,,
11,7000,1100,194.1156,8.19,false,,,,,,,,,,,,,,
12,110000,24000,596.3193,9.11,true,5434_5433_mod.mzXML|5432_5431_mod2.mzXML|5450_5449_mod.mzXML|5440_5439_mod.mzXML,4.0,false,S|V2|A2,AF,5.0,9.0,,,,'Chymostatinol A'(score=0.8708;algorithm=ms2query;diff_mz=0.0033),'GE-20372-A/B M+H'(score=0.98;algorithm=ms2deepscore;diff_mz=15.9937)|'Chymostatin B M+H'(score=0.93;algorithm=modified cosine;diff_mz=2.0173)|'Chymostatinol A M+H'(score=0.93;algorithm=ms2deepscore;diff_mz=0.0033)|'Chymostatinol A M+H'(score=0.91;algorithm=modified cosine;diff_mz=0.0033)|'Antipain M+H'(score=0.9;algorithm=ms2deepscore;diff_mz=293.1403)|'GE-20372-A/B M+H'(score=0.89;algorithm=modified cosine;diff_mz=15.9937)|'Chymostatinol B M+H'(score=0.87;algorithm=modified cosine;diff_mz=14.0077)|'Chymostatin B M+H'(score=0.83;algorithm=ms2deepscore;diff_mz=2.0173),'Antipain|BGC0002051|sim%:100.0|JABTEZ010000004.1_c1'(score=0.9;algorithm=ms2deepscore;diff_mz=293.1403),"'His-Orn(b2, [M+H]+)'(detected_fragment=252.1452;diff_ppm=1.2)|'Pro-Arg(b2, [M+H]+)'(detected_fragment=254.159;diff_ppm=8.5)"
13,110000,44000,610.3346,9.55,true,5434_5433_mod.mzXML|5432_5431_mod2.mzXML|5450_5449_mod.mzXML|5440_5439_mod.mzXML,4.0,false,S|V2|A2,AF,5.0,9.0,,[M+H2O+H]+(partner_ID=70;adduct=[M+H]+;m/z=592.3234),,,'Chymostatin A/C M+H'(score=0.93;algorithm=ms2deepscore;diff_mz=2.0236)|'Chymostatinol B M+H'(score=0.93;algorithm=ms2deepscore;diff_mz=0.0076)|'Chymostatinol A M+H'(score=0.9;algorithm=modified cosine;diff_mz=14.0186)|'Chymostatin B M+H'(score=0.87;algorithm=ms2deepscore;diff_mz=16.0326)|'Chymostatinol B M+H'(score=0.85;algorithm=modified cosine;diff_mz=0.0076)|'Chymostatinol A M+H'(score=0.85;algorithm=ms2deepscore;diff_mz=14.0186)|'GE-20372-A/B M+H'(score=0.84;algorithm=ms2deepscore;diff_mz=1.9784)|'Antipain M+H'(score=0.81;algorithm=ms2deepscore;diff_mz=307.1556)|'Chymostatin B M+H'(score=0.78;algorithm=modified cosine;diff_mz=16.0326)|'Chymostatin A/C M+H'(score=0.77;algorithm=modified cosine;diff_mz=2.0236),'Antipain|BGC0002051|sim%:100.0|JABTEZ010000004.1_c1'(score=0.81;algorithm=ms2deepscore;diff_mz=307.1556)|'antipain|BGC0002051|sim%:100.0|JABTEZ010000004.1_c1'(score=0.75;algorithm=ms2deepscore;diff_mz=4.9828)|'JBIR-78|BGC0001628|sim%:100.0|JABTEZ010000003.1_c2'(score=0.73;algorithm=ms2deepscore;diff_mz=216.0635)|'JBIR-95|BGC0001628|sim%:100.0|JABTEZ010000003.1_c2'(score=0.71;algorithm=ms2deepscore;diff_mz=252.0305),"'Lys-His(b2, [M+H]+)'(detected_fragment=266.1631;diff_ppm=7.3)"
14,38000,5600,596.3175,9.66,true,5434_5433_mod.mzXML|5432_5431_mod2.mzXML|5450_5449_mod.mzXML|5440_5439_mod.mzXML,4.0,false,S|V2|A2,AF,5.0,9.0,,,,'Chymostatinol A'(score=0.8523;algorithm=ms2query;diff_mz=0.0015),'GE-20372-A/B M+H'(score=0.98;algorithm=ms2deepscore;diff_mz=15.9955)|'Chymostatin B M+H'(score=0.93;algorithm=modified cosine;diff_mz=2.0155)|'Chymostatinol A M+H'(score=0.93;algorithm=ms2deepscore;diff_mz=0.0015)|'Chymostatinol A M+H'(score=0.91;algorithm=modified cosine;diff_mz=0.0015)|'Antipain M+H'(score=0.91;algorithm=ms2deepscore;diff_mz=293.1385)|'GE-20372-A/B M+H'(score=0.89;algorithm=modified cosine;diff_mz=15.9955)|'Chymostatinol B M+H'(score=0.87;algorithm=modified cosine;diff_mz=14.0095)|'Chymostatin B M+H'(score=0.83;algorithm=ms2deepscore;diff_mz=2.0155)|'KF 77AG6 M+H'(score=0.72;algorithm=modified cosine;diff_mz=230.1275),'Antipain|BGC0002051|sim%:100.0|JABTEZ010000004.1_c1'(score=0.91;algorithm=ms2deepscore;diff_mz=293.1385),"'His-Orn(b2, [M+H]+)'(detected_fragment=252.1449;diff_ppm=2.3)|'Pro-Arg(y2, [M+H]+)'(detected_fragment=272.1703;diff_ppm=5.2)"
15,94000,21000,610.334,10.11,true,5434_5433_mod.mzXML|5432_5431_mod2.mzXML|5450_5449_mod.mzXML|5440_5439_mod.mzXML,4.0,false,S|V2|A2,AF,5.0,9.0,,,,,'Chymostatinol A M+H'(score=0.91;algorithm=modified cosine;diff_mz=14.018)|'Chymostatin A/C M+H'(score=0.91;algorithm=ms2deepscore;diff_mz=2.023)|'Chymostatinol B M+H'(score=0.9;algorithm=ms2deepscore;diff_mz=0.007)|'Chymostatinol B M+H'(score=0.86;algorithm=modified cosine;diff_mz=0.007)|'GE-20372-A/B M+H'(score=0.86;algorithm=ms2deepscore;diff_mz=1.979)|'Chymostatinol A M+H'(score=0.86;algorithm=ms2deepscore;diff_mz=14.018)|'Chymostatin B M+H'(score=0.85;algorithm=ms2deepscore;diff_mz=16.032)|'Antipain M+H'(score=0.82;algorithm=ms2deepscore;diff_mz=307.155)|'Chymostatin B M+H'(score=0.79;algorithm=modified cosine;diff_mz=16.032)|'Chymostatin A/C M+H'(score=0.78;algorithm=modified cosine;diff_mz=2.023)|'KF 77AG6 M+H'(score=0.74;algorithm=modified cosine;diff_mz=244.144),'Antipain|BGC0002051|sim%:100.0|JABTEZ010000004.1_c1'(score=0.82;algorithm=ms2deepscore;diff_mz=307.155)|'JBIR-78|BGC0001628|sim%:100.0|JABTEZ010000003.1_c2'(score=0.74;algorithm=ms2deepscore;diff_mz=216.0642)|'antipain|BGC0002051|sim%:100.0|JABTEZ010000004.1_c1'(score=0.73;algorithm=ms2deepscore;diff_mz=4.9822)|'JBIR-95|BGC0001628|sim%:100.0|JABTEZ010000003.1_c2'(score=0.73;algorithm=ms2deepscore;diff_mz=252.0311),"'Lys-His(b2, [M+H]+)'(detected_fragment=266.1602;diff_ppm=3.6)"
16,55000,11000,255.0638,10.78,true,5425_5426_mod.mzXML|5456_5455_mod.mzXML|5432_5431_mod2.mzXML|D3_H3_mod.mzXML|5434_5433_mod.mzXML|5444_5443_mod.mzXML|5450_5449_mod.mzXML|5440_5439_mod.mzXML|5446_5445_mod.mzXML|5458_5457_mod.mzXML|5452_5451_mod.mzXML,11.0,true,,,5.0,10.0,,,'Ethenedione(C2O2)'(detected_loss=55.9895;diff_ppm=5.4),,,,"'Dha-Dha(y2, [M+H]+)'(detected_fragment=157.0602;diff_ppm=3.6)|'Ser-Dha(b2, [M+H]+)'(detected_fragment=157.0602;diff_ppm=3.6)|'Asp-Dha(b2, [M+H]+)'(detected_fragment=185.055;diff_ppm=3.7)|'Cys-Asp(y2, [M+H]+)'(detected_fragment=237.0526;diff_ppm=5.8)|'Ala-Ala(b2, [M+H]+)'(detected_fragment=143.0801;diff_ppm=9.8)|'Thr-Dha(b2, [M+H]+)'(detected_fragment=171.0781;diff_ppm=9.8)|'Ser-Dhb(b2, [M+H]+)'(detected_fragment=171.0781;diff_ppm=9.9)|'Dha-Dhb(y2, [M+H]+)'(detected_fragment=171.0781;diff_ppm=9.9)"
17,14000,3600,285.0751,10.87,true,5425_5426_mod.mzXML|5432_5431_mod2.mzXML|5434_5433_mod.mzXML|5444_5443_mod.mzXML|5450_5449_mod.mzXML|5440_5439_mod.mzXML|5458_5457_mod.mzXML|5452_5451_mod.mzXML,8.0,false,S|C|V2|A2,AF,8.0,11.0,,,"'Acetic-acid(CH3COOH, putatively from metabolite)'(detected_loss=60.0216;diff_ppm=8.3)",'Glycitein'(score=0.8373;algorithm=ms2query;diff_mz=0.0009),,,
18,11000,1600,959.5185,12.34,true,5456_5455_mod.mzXML|5432_5431_mod2.mzXML|D3_H3_mod.mzXML|5434_5433_mod.mzXML|5444_5443_mod.mzXML|5440_5439_mod.mzXML|5425_5426_mod.mzXML|5446_5445_mod.mzXML|5458_5457_mod.mzXML|5452_5451_mod.mzXML,10.0,true,,,9.0,12.0,,,,'Soyasaponin Ba'(score=0.8719;algorithm=ms2query;diff_mz=0.0025),,,"'Ser-His(b2, [M+H]+)'(detected_fragment=225.0988;diff_ppm=2.6)|'His-Dha(y2, [M+H]+)'(detected_fragment=225.0988;diff_ppm=2.6)|'Ile-Leu(y2, [M+H]+)'(detected_fragment=245.1879;diff_ppm=7.9)|'Ile-Ile(y2, [M+H]+)'(detected_fragment=245.1879;diff_ppm=7.9)|'Leu-Leu(y2, [M+H]+)'(detected_fragment=245.1879;diff_ppm=7.9)"
19,28000,5000,271.0597,12.38,true,5456_5455_mod.mzXML|5432_5431_mod2.mzXML|5434_5433_mod.mzXML|5450_5449_mod.mzXML|5440_5439_mod.mzXML|5446_5445_mod.mzXML|5452_5451_mod.mzXML,7.0,false,S|V2|A2,AF,5.0,11.0,,,"'Carbon-dioxide(CO2, putatively from metabolite)'(detected_loss=43.9898;diff_ppm=0.0)|'Ethenone(H2C=C=O, putatively from metabolite)'(detected_loss=42.0109;diff_ppm=7.1)",'Genistein'(score=0.8509;algorithm=ms2query;diff_mz=0.0003),,,"'Pip-Dha(b2, [M+H]+)'(detected_fragment=182.0769;diff_ppm=3.6)|'Gly-Asp(b2, [M+H]+)'(detected_fragment=173.0568;diff_ppm=6.5)|'Cys-Pip(b2, [M+H]+)'(detected_fragment=216.066;diff_ppm=9.4)"
20,57000,15000,943.5243,12.58,true,5425_5426_mod.mzXML|5456_5455_mod.mzXML|5432_5431_mod2.mzXML|D3_H3_mod.mzXML|5434_5433_mod.mzXML|5444_5443_mod.mzXML|5450_5449_mod.mzXML|5440_5439_mod.mzXML|5446_5445_mod.mzXML|5458_5457_mod.mzXML|5452_5451_mod.mzXML,11.0,true,,,9.0,12.0,,,,'Soyasaponin I'(score=0.8892;algorithm=ms2query;diff_mz=0.0013),,,"'Ile-Leu(b2, [M+H]+)'(detected_fragment=227.1771;diff_ppm=7.5)|'Ile-Ile(b2, [M+H]+)'(detected_fragment=227.1771;diff_ppm=7.5)|'Leu-Leu(b2, [M+H]+)'(detected_fragment=227.1771;diff_ppm=7.5)"
21,30000,6400,913.5135,12.91,true,5425_5426_mod.mzXML|5456_5455_mod.mzXML|5432_5431_mod2.mzXML|D3_H3_mod.mzXML|5434_5433_mod.mzXML|5444_5443_mod.mzXML|5450_5449_mod.mzXML|5440_5439_mod.mzXML|5446_5445_mod.mzXML|5458_5457_mod.mzXML|5452_5451_mod.mzXML,11.0,true,,,9.0,12.0,,,,'Soyasapogenol B base + O-HexA-Pen-dHex'(score=0.9128;algorithm=ms2query;diff_mz=0.0005),,,"'Ile-Leu(y2, [M+H]+)'(detected_fragment=245.1882;diff_ppm=9.1)|'Ile-Ile(y2, [M+H]+)'(detected_fragment=245.1882;diff_ppm=9.1)|'Leu-Leu(y2, [M+H]+)'(detected_fragment=245.1882;diff_ppm=9.1)|'Glu-Met(y2, [M+H]+)'(detected_fragment=279.1035;diff_ppm=9.2)"
22,21000,3800,797.4668,13.15,true,5425_5426_mod.mzXML|5456_5455_mod.mzXML|5432_5431_mod2.mzXML|D3_H3_mod.mzXML|5434_5433_mod.mzXML|5444_5443_mod.mzXML|5450_5449_mod.mzXML|5440_5439_mod.mzXML|5446_5445_mod.mzXML|5458_5457_mod.mzXML|5452_5451_mod.mzXML,11.0,true,,,9.0,12.0,,,,,,,
23,33000,12000,312.2637,17.49,true,5434_5433_mod.mzXML|5444_5443_mod.mzXML|5452_5451_mod.mzXML|5440_5439_mod.mzXML,4.0,false,S|C|A2,AF,10.0,13.0,,,,,,,
30,6500,670,300.9452,1.97,false,,,,,,,,,,,,,,
31,18000,3000,365.1047,2.08,true,5456_5455_mod.mzXML|5432_5431_mod2.mzXML|D3_H3_mod.mzXML|5434_5433_mod.mzXML|5444_5443_mod.mzXML|5425_5426_mod.mzXML|5446_5445_mod.mzXML|5458_5457_mod.mzXML|5452_5451_mod.mzXML,9.0,true,,,11.0,19.0,,,,'Melibiose'(score=0.7416;algorithm=ms2query;diff_mz=0.0003),,,
32,7100,1200,381.0786,2.08,false,,,,,,,,,,,,,,
33,6800,820,247.1271,2.63,false,,,,,,,,,,,,,,
34,5400,1400,244.1161,3.72,false,,,,,,,,,,,,,,
35,8900,1500,542.2548,5.14,false,,,,,,,,,,,,,,
36,6500,910,244.1163,5.54,false,,,,,,,,,,,,,,
37,9300,1400,244.1164,5.85,true,5432_5431_mod2.mzXML|5434_5433_mod.mzXML|5456_5455_mod.mzXML|5458_5457_mod.mzXML|5452_5451_mod.mzXML,5.0,false,S|C|A2,AF,14.0,21.0,,[M+H]+(partner_ID=6;adduct=[M+NH4]+;m/z=261.1445),,,,'2-methylisoborneol|BGC0000657|sim%:100.0|JABTEZ010000005.1_c2'(score=0.76;algorithm=ms2deepscore;diff_mz=169.8954),
38,5700,670,396.1582,7.81,false,,,,,,,,,,,,,,
39,8700,1300,1269.6091,8.21,false,,,,,,,,,,,,,,
40,8100,1100,346.15,8.6,false,,,,,,,,,,,,,,
41,12000,1900,1107.5554,8.85,true,5456_5455_mod.mzXML|5432_5431_mod2.mzXML|5434_5433_mod.mzXML|5444_5443_mod.mzXML|5450_5449_mod.mzXML|5425_5426_mod.mzXML|5446_5445_mod.mzXML|5458_5457_mod.mzXML|5452_5451_mod.mzXML,9.0,false,S|C|V2|A2,AF,15.0,12.0,,,,"'Soyasapogenol B base + O-DDMP, O-HexA-HexA'(score=0.7155;algorithm=ms2query;diff_mz=170.0764)",,,"'Cys-His(y2, [M+H]+)'(detected_fragment=259.0836;diff_ppm=9.0)|'Ala-Val(b2, [M+H]+)'(detected_fragment=171.1145;diff_ppm=9.9)|'Gly-Ile(b2, [M+H]+)'(detected_fragment=171.1145;diff_ppm=9.9)|'Gly-Leu(b2, [M+H]+)'(detected_fragment=171.1145;diff_ppm=9.9)"
42,6500,880,493.1202,10.75,false,,,,,,,,,,,,,,
43,5600,840,277.0812,11.43,false,,,,,,,,,,,,,,
44,9800,1700,274.2734,11.84,true,5456_5455_mod.mzXML|5432_5431_mod2.mzXML|5434_5433_mod.mzXML|5425_5426_mod.mzXML|5446_5445_mod.mzXML|5458_5457_mod.mzXML|5452_5451_mod.mzXML,7.0,false,S|C|A2,AF,12.0,14.0,,,,,,,
45,8300,1400,445.0614,13.09,false,,,,,,,,,,,,,,
46,18000,3500,269.0801,13.35,true,5432_5431_mod2.mzXML|5434_5433_mod.mzXML|5444_5443_mod.mzXML|5425_5426_mod.mzXML|5456_5455_mod.mzXML|5458_5457_mod.mzXML|5452_5451_mod.mzXML,7.0,false,S|C|A2,AF,16.0,10.0,,,,'6-hydroxy-2-(4-methoxyphenyl)-4H-chromen-4-one'(score=0.7614;algorithm=ms2query;diff_mz=0.0001),,,"'Asp-Dhb(b2, [M+H]+)'(detected_fragment=199.0708;diff_ppm=2.6)|'Glu-Dha(b2, [M+H]+)'(detected_fragment=199.0708;diff_ppm=2.7)|'Pro-Asp(b2, [M+H]+)'(detected_fragment=213.0882;diff_ppm=5.7)|'Glu-Dhb(b2, [M+H]+)'(detected_fragment=213.0882;diff_ppm=5.8)"
47,9800,1700,941.5078,13.7,false,,,,,,,,,,,,,,
48,17000,3300,415.2096,15.95,true,5432_5431_mod2.mzXML|D3_H3_mod.mzXML|5434_5433_mod.mzXML|5456_5455_mod.mzXML|5458_5457_mod.mzXML|5452_5451_mod.mzXML,6.0,true,,,17.0,22.0,,,"'Arg-oxazole(ribosomal, putatively from AAs R-S)'(detected_loss=224.1121;diff_ppm=8.5)",,,,"'Ala-Dhb(y2, [M+H]+)'(detected_fragment=173.0915;diff_ppm=3.2)|'Gly-Pro(y2, [M+H]+)'(detected_fragment=173.0915;diff_ppm=3.2)|'Ala-Thr(b2, [M+H]+)'(detected_fragment=173.0915;diff_ppm=3.3)|'Met-Phe(b2, [M+H]+)'(detected_fragment=279.1176;diff_ppm=5.1)"
49,8400,1100,515.007,1.86,false,,,,,,,,,,,,,,
50,5500,1000,311.1229,4.18,false,,,,,,,,,,,,,,
51,7400,940,518.3179,5.72,false,,,,,,,,,,,,,,
52,12000,2000,499.3231,5.93,true,5425_5426_mod.mzXML,1.0,false,C,AF,18.0,23.0,,,"'4-O-acetyl-L-arcanose(C10H18O5, putatively from glycoside)'(detected_loss=200.1059;diff_ppm=5.2)",,,,"'Ser-Pro(b2, [M+H]+)'(detected_fragment=185.0922;diff_ppm=0.7)|'Pro-Dha(y2, [M+H]+)'(detected_fragment=185.0922;diff_ppm=0.8)|'Thr-Dhb(b2, [M+H]+)'(detected_fragment=185.0922;diff_ppm=0.8)|'Dhb-Dhb(y2, [M+H]+)'(detected_fragment=185.0922;diff_ppm=0.9)|'Thr-Tyr(y2, [M+H]+)'(detected_fragment=283.1303;diff_ppm=5.1)|'Val-Dhb(y2, [M+H]+)'(detected_fragment=201.1221;diff_ppm=6.2)|'Ile-Dha(y2, [M+H]+)'(detected_fragment=201.1221;diff_ppm=6.3)|'Leu-Dha(y2, [M+H]+)'(detected_fragment=201.1221;diff_ppm=6.3)|'Ser-Ile(b2, [M+H]+)'(detected_fragment=201.1221;diff_ppm=6.3)|'Ser-Leu(b2, [M+H]+)'(detected_fragment=201.1221;diff_ppm=6.3)|'Val-Thr(b2, [M+H]+)'(detected_fragment=201.1221;diff_ppm=6.3)"
53,6900,880,303.1543,7.17,false,,,,,,,,,,,,,,
54,7500,1200,303.1543,7.39,true,5425_5426_mod.mzXML,1.0,false,C,AF,1.0,2.0,,,"'Ethenone(H2C=C=O, putatively from metabolite)'(detected_loss=42.0108;diff_ppm=4.8)|'Dhb-oxazole(ribosomal, putatively from AAs T-S)'(detected_loss=151.0515;diff_ppm=9.9)|'Dha-methyloxazole(ribosomal, putatively from AAs S/C-T)'(detected_loss=151.0515;diff_ppm=9.9)",,,'saccharochelin_H|BGC0002424|sim%:100.0|JABTEZ010000002.1_c6'(score=0.76;algorithm=ms2deepscore;diff_mz=455.3115)|'scabichelin|BGC0000423|sim%:80.0|JABTEZ010000002.1_c6'(score=0.75;algorithm=ms2deepscore;diff_mz=345.2132),"'Ile-Glu(y2, [M+H]+)'(detected_fragment=261.1435;diff_ppm=3.8)|'Leu-Glu(y2, [M+H]+)'(detected_fragment=261.1435;diff_ppm=3.8)"
55,6700,930,945.5032,9.34,false,,,,,,,,,,,,,,
56,10000,1500,285.0753,10.36,true,5458_5457_mod.mzXML|5425_5426_mod.mzXML,2.0,false,C,AF,8.0,11.0,,,"'oxopropionic acid(ribosomal, putatively from AAs NH2-S)'(detected_loss=72.0213;diff_ppm=4.2)",'Glycitein'(score=0.7904;algorithm=ms2query;diff_mz=0.0003),,,
57,38000,18000,496.3383,19.94,true,5456_5455_mod.mzXML|5450_5449_mod.mzXML|5425_5426_mod.mzXML|5446_5445_mod.mzXML|5458_5457_mod.mzXML|5452_5451_mod.mzXML,6.0,false,S|C|V2,AF,7.0,8.0,,,,'(3-hexadecanoyloxy-2-hydroxypropyl) 2-(trimethylazaniumyl)ethyl phosphate'(score=0.8091;algorithm=ms2query;diff_mz=0.0017),,'saccharochelin_B|BGC0002424|sim%:100.0|JABTEZ010000002.1_c6'(score=0.82;algorithm=ms2deepscore;diff_mz=220.0806)|'saccharochelin_A|BGC0002424|sim%:100.0|JABTEZ010000002.1_c6'(score=0.82;algorithm=ms2deepscore;diff_mz=220.0806)|'saccharochelin_E|BGC0002424|sim%:100.0|JABTEZ010000002.1_c6'(score=0.8;algorithm=ms2deepscore;diff_mz=248.1119)|'saccharochelin_C|BGC0002424|sim%:100.0|JABTEZ010000002.1_c6'(score=0.79;algorithm=ms2deepscore;diff_mz=234.0962)|'saccharochelin_D|BGC0002424|sim%:100.0|JABTEZ010000002.1_c6'(score=0.77;algorithm=ms2deepscore;diff_mz=234.0962)|'saccharochelin_G|BGC0002424|sim%:100.0|JABTEZ010000002.1_c6'(score=0.74;algorithm=ms2deepscore;diff_mz=262.1275),
62,5500,640,530.9806,1.92,false,,,,,,,,,,,,,,
63,10000,1100,271.1397,2.34,false,,,,,,,,,,,,,,
64,10000,1200,254.1599,2.36,false,,,,,,,,,,,,,,
65,12000,1900,423.1953,5.55,true,5434_5433_mod.mzXML|5458_5457_mod.mzXML,2.0,false,S|C,AF,2.0,3.0,,,"'Leucine-methyloxazoline(ribosomal, putatively from AAs L-T)'(detected_loss=197.1273;diff_ppm=3.6)|'Isoleucine-methyloxazoline(ribosomal, putatively from AAs I-T)'(detected_loss=197.1273;diff_ppm=3.6)|'Phenylalanine(ribosomal, putatively from AAs F)'(detected_loss=147.0686;diff_ppm=4.1)|'2xWater(2xH2O, putatively from metabolite)'(detected_loss=36.0213;diff_ppm=5.6)|'Leucine-methyloxazole(ribosomal, putatively from AAs L-T)'(detected_loss=195.1116;diff_ppm=7.2)|'Isoleucine-methyloxazole(ribosomal, putatively from AAs I-T)'(detected_loss=195.1116;diff_ppm=7.2)",'unknown'(score=0.7147;algorithm=ms2query;diff_mz=21.0133),,'erythrochelin|BGC0000349|sim%:86.0|JABTEZ010000002.1_c6'(score=0.75;algorithm=ms2deepscore;diff_mz=181.0984),"'Ile-Met(y2, [M+H]+)'(detected_fragment=263.1423;diff_ppm=0.3)|'Leu-Met(y2, [M+H]+)'(detected_fragment=263.1423;diff_ppm=0.3)|'Val-Phe(b2, [M+H]+)'(detected_fragment=247.144;diff_ppm=0.4)|'Ser-Ile(b2, [M+H]+)'(detected_fragment=201.1236;diff_ppm=1.1)|'Ser-Leu(b2, [M+H]+)'(detected_fragment=201.1236;diff_ppm=1.1)|'Val-Thr(b2, [M+H]+)'(detected_fragment=201.1236;diff_ppm=1.1)|'Ile-Dha(y2, [M+H]+)'(detected_fragment=201.1236;diff_ppm=1.2)|'Leu-Dha(y2, [M+H]+)'(detected_fragment=201.1236;diff_ppm=1.2)|'Val-Dhb(y2, [M+H]+)'(detected_fragment=201.1236;diff_ppm=1.2)|'Glu-Dhb(y2, [M+H]+)'(detected_fragment=231.0971;diff_ppm=1.9)|'Pro-Asp(y2, [M+H]+)'(detected_fragment=231.0971;diff_ppm=1.9)|'Thr-Glu(b2, [M+H]+)'(detected_fragment=231.0971;diff_ppm=1.9)|'Ser-Arg(y2, [M+H]+)'(detected_fragment=262.1519;diff_ppm=3.5)|'Ile-Glu(y2, [M+H]+)'(detected_fragment=261.1461;diff_ppm=6.2)|'Leu-Glu(y2, [M+H]+)'(detected_fragment=261.1461;diff_ppm=6.2)|'Asp-Pip(b2, [M+H]+)'(detected_fragment=228.0837;diff_ppm=8.7)"
66,48000,10000,218.0798,6.15,true,5434_5433_mod.mzXML|5446_5445_mod.mzXML|5452_5451_mod.mzXML|5456_5455_mod.mzXML,4.0,false,S,AF,6.0,24.0,true,,"'Carbon-monoxide(CO, putatively from metabolite)'(detected_loss=27.9951;diff_ppm=7.1)",,,,"'Gly-Asn(b2, [M+H]+)'(detected_fragment=172.0729;diff_ppm=7.1)"
67,9000,1100,393.139,7.7,false,,,,,,,,,,,,,,
68,17000,2700,626.3294,8.57,false,,,,,,,,,,,,,,
69,7900,1100,578.3071,8.76,false,,,,,,,,,,,,,,
70,25000,4600,592.3234,9.24,true,5434_5433_mod.mzXML|5450_5449_mod.mzXML,2.0,false,S|V2,AF,5.0,9.0,,[M+H]+(partner_ID=13;adduct=[M+H2O+H]+;m/z=610.3346),,,'GE-20372-A/B M+H'(score=0.94;algorithm=ms2deepscore;diff_mz=19.9896)|'Chymostatinol A M+H'(score=0.9;algorithm=ms2deepscore;diff_mz=3.9926)|'Chymostatinol A M+H'(score=0.88;algorithm=modified cosine;diff_mz=3.9926)|'Antipain M+H'(score=0.88;algorithm=ms2deepscore;diff_mz=289.1444)|'GE-20372-A/B M+H'(score=0.87;algorithm=modified cosine;diff_mz=19.9896),'Antipain|BGC0002051|sim%:100.0|JABTEZ010000004.1_c1'(score=0.88;algorithm=ms2deepscore;diff_mz=289.1444),"'Pro-Arg(b2, [M+H]+)'(detected_fragment=254.1608;diff_ppm=1.4)|'His-Orn(b2, [M+H]+)'(detected_fragment=252.145;diff_ppm=1.9)"
71,6800,1300,576.3485,9.42,false,,,,,,,,,,,,,,
72,9400,1900,296.6648,9.54,false,,,,,,,,,,,,,,
73,7800,900,1219.6579,9.51,false,,,,,,,,,,,,,,
74,15000,2100,624.3139,10.58,false,,,,,,,,,,,,,,
75,5300,1500,315.0843,11.02,false,,,,,,,,,,,,,,
76,13000,2100,824.7369,13.27,true,5434_5433_mod.mzXML|5446_5445_mod.mzXML|5452_5451_mod.mzXML|5456_5455_mod.mzXML,4.0,false,S,AF,19.0,25.0,true,,"'Methanediimine(HN=C=NH, putatively from metabolite)'(detected_loss=42.0219;diff_ppm=2.4)",'Siomycin_A/Sporangiomycin'(score=0.8655;algorithm=ms2query;diff_mz=0.0021),'Siomycin_D1 M+H'(score=0.98;algorithm=ms2deepscore;diff_mz=7.0079)|'Siomycin_A/Sporangiomycin M+2H'(score=0.98;algorithm=ms2deepscore;diff_mz=0.0021)|'Siomycin_B M+2H'(score=0.94;algorithm=modified cosine;diff_mz=69.0229)|'Siomycin_B M+2H'(score=0.94;algorithm=ms2deepscore;diff_mz=69.0229)|'Siomycin_A/Sporangiomycin M+2H'(score=0.93;algorithm=modified cosine;diff_mz=0.0021)|'Siomycin_C M+H'(score=0.89;algorithm=ms2deepscore;diff_mz=8.0021)|'Siomycin_C M+H'(score=0.76;algorithm=modified cosine;diff_mz=8.0021),,"'Cys-Pip(y2, [M+H]+)'(detected_fragment=234.0746;diff_ppm=0.3)|'Ile-Pip(y2, [M+H]+)'(detected_fragment=244.1502;diff_ppm=3.3)|'Leu-Pip(y2, [M+H]+)'(detected_fragment=244.1502;diff_ppm=3.3)|'Cys-Pip(b2, [M+H]+)'(detected_fragment=216.0648;diff_ppm=3.8)|'Thr-Trp(b2, [M+H]+)'(detected_fragment=288.1362;diff_ppm=6.7)|'Trp-Dhb(y2, [M+H]+)'(detected_fragment=288.1362;diff_ppm=6.8)"
77,7000,1000,767.4545,13.49,false,,,,,,,,,,,,,,
78,12000,1900,755.7153,14.29,true,5434_5433_mod.mzXML|5446_5445_mod.mzXML|5452_5451_mod.mzXML|5456_5455_mod.mzXML,4.0,false,S,AF,19.0,25.0,true,,"'L-rhamnose(C6H12O5, putatively from glycoside)'(detected_loss=146.057;diff_ppm=3.0)|'L-fucose(C6H12O5, putatively from glycoside)'(detected_loss=146.057;diff_ppm=3.0)|'D-rhamnose(C6H12O5, putatively from glycoside)'(detected_loss=146.057;diff_ppm=3.0)|'Tyr-methyloxazoline(ribosomal, putatively from AAs Y-T)'(detected_loss=247.1062;diff_ppm=3.2)|'D-fucofuranose(C6H12O5, putatively from glycoside)'(detected_loss=146.057;diff_ppm=6.2)|'D-fucose(C6H12O5, putatively from glycoside)'(detected_loss=146.057;diff_ppm=6.2)|'L-rhamnose(C6H12O5, putatively from glycoside)'(detected_loss=146.057;diff_ppm=6.2)|'L-quinovose(C6H12O5, putatively from glycoside)'(detected_loss=146.057;diff_ppm=6.2)",'Siomycin_B'(score=0.8658;algorithm=ms2query;diff_mz=0.0013),'Siomycin_D1 M+H'(score=0.95;algorithm=ms2deepscore;diff_mz=62.0137)|'Siomycin_A/Sporangiomycin M+2H'(score=0.95;algorithm=ms2deepscore;diff_mz=69.0237)|'Siomycin_B M+2H'(score=0.95;algorithm=ms2deepscore;diff_mz=0.0013)|'Siomycin_B M+2H'(score=0.92;algorithm=modified cosine;diff_mz=0.0013)|'Siomycin_A/Sporangiomycin M+2H'(score=0.92;algorithm=modified cosine;diff_mz=69.0237)|'Siomycin_C M+H'(score=0.88;algorithm=ms2deepscore;diff_mz=77.0237)|'Siomycin_C M+H'(score=0.73;algorithm=modified cosine;diff_mz=77.0237),,"'Tyr-Dha(b2, [M+H]+)'(detected_fragment=233.0925;diff_ppm=1.8)|'His-Phe(b2, [M+H]+)'(detected_fragment=285.1334;diff_ppm=4.2)|'Cys-Pip(b2, [M+H]+)'(detected_fragment=216.0629;diff_ppm=5.0)|'Cys-Pip(y2, [M+H]+)'(detected_fragment=234.0731;diff_ppm=6.1)|'Thr-Trp(y2, [M+H]+)'(detected_fragment=306.1475;diff_ppm=8.7)|'Pro-Trp(y2, [M+H]+)'(detected_fragment=302.1472;diff_ppm=9.0)"
79,12000,2200,790.2263,14.98,true,5434_5433_mod.mzXML|5446_5445_mod.mzXML|5452_5451_mod.mzXML|5456_5455_mod.mzXML,4.0,false,S,AF,19.0,25.0,true,,"'tert-Butylamine+water(C4H9NH2+H2O)'(detected_loss=91.1001;diff_ppm=4.4)|'N-methyl-2-Bromo-tryptophan(NMe-Br-Trp, putatively from nonribosomal peptide)'(detected_loss=279.1393;diff_ppm=7.3)",'14-bromodiscorhabdin C(+2)'(score=0.8082;algorithm=ms2query;diff_mz=248.3263),'Siomycin_A/Sporangiomycin M+2H'(score=0.98;algorithm=ms2deepscore;diff_mz=34.5127)|'Siomycin_D1 M+H'(score=0.97;algorithm=ms2deepscore;diff_mz=27.5027)|'Siomycin_A/Sporangiomycin M+2H'(score=0.95;algorithm=modified cosine;diff_mz=34.5127)|'Siomycin_B M+2H'(score=0.95;algorithm=ms2deepscore;diff_mz=34.5123)|'Siomycin_B M+2H'(score=0.92;algorithm=modified cosine;diff_mz=34.5123)|'Siomycin_C M+H'(score=0.91;algorithm=ms2deepscore;diff_mz=42.5127),,"'Thr-Trp(y2, [M+H]+)'(detected_fragment=306.145;diff_ppm=0.6)|'Asn-Asn(b2, [M+H]+)'(detected_fragment=229.0924;diff_ppm=3.2)|'Asp-Met(b2, [M+H]+)'(detected_fragment=247.0761;diff_ppm=5.6)"
80,5900,1200,1651.4547,15.07,false,,,,,,,,,,,,,,
82,16000,3700,1648.4547,15.07,true,5434_5433_mod.mzXML|5446_5445_mod.mzXML|5452_5451_mod.mzXML|5456_5455_mod.mzXML,4.0,false,S,AF,20.0,25.0,true,[M+H]+(partner_ID=106;adduct=[M+3+2H]2+;m/z=826.237)|[2M+H]+(partner_ID=83;adduct=[M+2H]2+;m/z=824.7379),,'Siomycin_A/Sporangiomycin'(score=0.8278;algorithm=ms2query;diff_mz=0.9953),'Siomycin_A/Sporangiomycin M+H'(score=0.98;algorithm=ms2deepscore;diff_mz=0.9953)|'Siomycin_B M+H'(score=0.96;algorithm=ms2deepscore;diff_mz=138.0347),,"'Cys-Pip(y2, [M+H]+)'(detected_fragment=234.0746;diff_ppm=0.3)"
83,48000,17000,824.7379,15.1,true,5434_5433_mod.mzXML|5446_5445_mod.mzXML|5452_5451_mod.mzXML|5456_5455_mod.mzXML,4.0,false,S,AF,19.0,25.0,true,[M+2H]2+(partner_ID=82;adduct=[2M+H]+;m/z=1648.4547),"'Phe-oxazoline(ribosomal, putatively from AAs F-S)'(detected_loss=217.0966;diff_ppm=1.8)|'His-oxazoline(ribosomal, putatively from AAs H-S)'(detected_loss=207.0874;diff_ppm=2.9)|'3-O-carbamoyl-4-O-methyl-L-noviose(C9H17NO6, putatively from glycoside)'(detected_loss=217.0966;diff_ppm=7.3)",'Siomycin_A/Sporangiomycin'(score=0.8655;algorithm=ms2query;diff_mz=0.0011),'Siomycin_A/Sporangiomycin M+2H'(score=0.98;algorithm=modified cosine;diff_mz=0.0011)|'Siomycin_A/Sporangiomycin M+2H'(score=0.98;algorithm=ms2deepscore;diff_mz=0.0011)|'Siomycin_D1 M+H'(score=0.98;algorithm=ms2deepscore;diff_mz=7.0089)|'Siomycin_B M+2H'(score=0.96;algorithm=modified cosine;diff_mz=69.0239)|'Siomycin_B M+2H'(score=0.96;algorithm=ms2deepscore;diff_mz=69.0239)|'Siomycin_C M+H'(score=0.9;algorithm=ms2deepscore;diff_mz=8.0011)|'Siomycin_C M+H'(score=0.74;algorithm=modified cosine;diff_mz=8.0011),,"'Cys-Pip(b2, [M+H]+)'(detected_fragment=216.064;diff_ppm=0.1)|'Cys-Pip(y2, [M+H]+)'(detected_fragment=234.0741;diff_ppm=1.8)|'Asn-Lys(b2, [M+H]+)'(detected_fragment=243.1464;diff_ppm=5.1)|'Gln-Orn(b2, [M+H]+)'(detected_fragment=243.1464;diff_ppm=5.1)|'Gly-Met(b2, [M+H]+)'(detected_fragment=189.0707;diff_ppm=7.8)|'Ile-Pip(y2, [M+H]+)'(detected_fragment=244.1471;diff_ppm=9.4)|'Leu-Pip(y2, [M+H]+)'(detected_fragment=244.1471;diff_ppm=9.4)"
84,8500,1900,824.7372,15.81,false,,,,,,,,,,,,,,
85,6700,1800,825.2302,17.92,false,,,,,,,,,,,,,,
88,9400,1300,438.1769,1.71,false,,,,,,,,,,,,,,
89,6100,760,445.1839,1.71,false,,,,,,,,,,,,,,
90,6200,930,310.1876,6.75,false,,,,,,,,,,,,,,
91,5400,650,610.3011,7.38,false,,,,,,,,,,,,,,
92,6400,810,610.3011,7.71,false,,,,,,,,,,,,,,
93,5900,1100,612.313,8.17,false,,,,,,,,,,,,,,
94,5500,660,463.2293,8.21,false,,,,,,,,,,,,,,
95,41000,4700,477.2455,8.75,true,5450_5449_mod.mzXML,1.0,false,V2,AF,5.0,26.0,,,"'D-PhosphateAsparagine(D-PO-Asn, putatively from nonribosomal peptide)'(detected_loss=210.086;diff_ppm=3.1)|'Isoleucine(ribosomal, putatively from AAs I)'(detected_loss=113.0845;diff_ppm=4.4)|'Leucine(ribosomal, putatively from AAs L)'(detected_loss=113.0845;diff_ppm=4.4)|'Gln-methyloxazole(ribosomal, putatively from AAs Q-T)'(detected_loss=210.086;diff_ppm=9.5)",,'KF 77AG6 M+H'(score=0.86;algorithm=modified cosine;diff_mz=111.0555)|'Chymostatin B M+H'(score=0.83;algorithm=modified cosine;diff_mz=117.0565)|'Chymostatinol B M+H'(score=0.8;algorithm=modified cosine;diff_mz=133.0815)|'Chymostatinol A M+H'(score=0.8;algorithm=modified cosine;diff_mz=119.0705),,"'Lys-His(b2, [M+H]+)'(detected_fragment=266.1593;diff_ppm=7.0)"
96,21000,4200,626.3281,9.97,true,5450_5449_mod.mzXML,1.0,false,V2,AF,21.0,9.0,,,"'Lys-oxazole(ribosomal, putatively from AAs K-S)'(detected_loss=196.1091;diff_ppm=5.6)",'Moroidin-[QLLVWRAH]'(score=0.7839;algorithm=ms2query;diff_mz=125.0581),'Chymostatin A/C M+H'(score=0.96;algorithm=ms2deepscore;diff_mz=18.0171)|'Chymostatinol B M+H'(score=0.96;algorithm=ms2deepscore;diff_mz=16.0011)|'Chymostatin B M+H'(score=0.94;algorithm=ms2deepscore;diff_mz=32.0261)|'Chymostatinol A M+H'(score=0.94;algorithm=ms2deepscore;diff_mz=30.0121)|'GE-20372-A/B M+H'(score=0.9;algorithm=ms2deepscore;diff_mz=14.0151)|'Antipain M+H'(score=0.83;algorithm=ms2deepscore;diff_mz=323.1491)|'Chymostatin A/C M+H'(score=0.75;algorithm=modified cosine;diff_mz=18.0171),'Antipain|BGC0002051|sim%:100.0|JABTEZ010000004.1_c1'(score=0.83;algorithm=ms2deepscore;diff_mz=323.1491)|'antipain|BGC0002051|sim%:100.0|JABTEZ010000004.1_c1'(score=0.79;algorithm=ms2deepscore;diff_mz=20.9763)|'JBIR-78|BGC0001628|sim%:100.0|JABTEZ010000003.1_c2'(score=0.74;algorithm=ms2deepscore;diff_mz=200.0701),"'Lys-His(b2, [M+H]+)'(detected_fragment=266.1611;diff_ppm=0.2)|'His-Orn(b2, [M+H]+)'(detected_fragment=252.1435;diff_ppm=7.9)|'His-Arg(b2, [M+H]+)'(detected_fragment=294.1648;diff_ppm=8.5)"
97,17000,3000,640.3436,10.41,true,5450_5449_mod.mzXML,1.0,false,V2,AF,21.0,9.0,,,"'beta-methyl-bromophenylalanine(bMe-Br-Phe, putatively from nonribosomal peptide)'(detected_loss=240.1;diff_ppm=5.2)",'Chymostatin B'(score=0.7168;algorithm=ms2query;diff_mz=46.0416),'Chymostatin A/C M+H'(score=0.96;algorithm=ms2deepscore;diff_mz=32.0326)|'Chymostatinol B M+H'(score=0.96;algorithm=ms2deepscore;diff_mz=30.0166)|'Chymostatin B M+H'(score=0.91;algorithm=ms2deepscore;diff_mz=46.0416)|'Chymostatinol A M+H'(score=0.88;algorithm=ms2deepscore;diff_mz=44.0276)|'GE-20372-A/B M+H'(score=0.82;algorithm=ms2deepscore;diff_mz=28.0306)|'Chymostatin A/C M+H'(score=0.78;algorithm=modified cosine;diff_mz=32.0326),'antipain|BGC0002051|sim%:100.0|JABTEZ010000004.1_c1'(score=0.81;algorithm=ms2deepscore;diff_mz=34.9918)|'Antipain|BGC0002051|sim%:100.0|JABTEZ010000004.1_c1'(score=0.78;algorithm=ms2deepscore;diff_mz=337.1646)|'JBIR-78|BGC0001628|sim%:100.0|JABTEZ010000003.1_c2'(score=0.72;algorithm=ms2deepscore;diff_mz=186.0545),"'Asn-Phe(y2, [M+H]+)'(detected_fragment=280.1293;diff_ppm=0.4)|'Pro-Arg(b2, [M+H]+)'(detected_fragment=254.1604;diff_ppm=3.0)|'Lys-His(b2, [M+H]+)'(detected_fragment=266.1601;diff_ppm=3.9)|'His-Orn(b2, [M+H]+)'(detected_fragment=252.1435;diff_ppm=7.9)"
98,7200,850,654.3597,10.86,false,,,,,,,,,,,,,,
100,8700,1700,285.0751,15.18,true,5444_5443_mod.mzXML,1.0,false,C,AF,16.0,11.0,,,,'Questin_120240'(score=0.7741;algorithm=ms2query;diff_mz=0.0009),,,"'Ala-Glu(b2, [M+H]+)'(detected_fragment=201.0867;diff_ppm=1.4)|'Cys-Asp(y2, [M+H]+)'(detected_fragment=237.0561;diff_ppm=9.0)"
101,10000,2000,466.2908,16.75,true,5444_5443_mod.mzXML|5458_5457_mod.mzXML,2.0,false,C,AF,7.0,20.0,,,"'Tyr-oxazoline(ribosomal, putatively from AAs Y-S)'(detected_loss=233.0902;diff_ppm=7.7)",,,'saccharochelin_A|BGC0002424|sim%:100.0|JABTEZ010000002.1_c6'(score=0.77;algorithm=ms2deepscore;diff_mz=250.1281)|'saccharochelin_C|BGC0002424|sim%:100.0|JABTEZ010000002.1_c6'(score=0.74;algorithm=ms2deepscore;diff_mz=264.1437)|'saccharochelin_D|BGC0002424|sim%:100.0|JABTEZ010000002.1_c6'(score=0.72;algorithm=ms2deepscore;diff_mz=264.1437),
102,10000,3300,482.3222,19.55,true,5444_5443_mod.mzXML|5458_5457_mod.mzXML|5452_5451_mod.mzXML,3.0,false,S|C,AF,7.0,8.0,,,,'1-Stearoyl-2-hydroxy-sn-glycero-3-phosphoethanolamine'(score=0.8152;algorithm=ms2query;diff_mz=0.0028),,'saccharochelin_A|BGC0002424|sim%:100.0|JABTEZ010000002.1_c6'(score=0.75;algorithm=ms2deepscore;diff_mz=234.0967)|'saccharochelin_B|BGC0002424|sim%:100.0|JABTEZ010000002.1_c6'(score=0.72;algorithm=ms2deepscore;diff_mz=234.0967),"'Cys-Dha(b2, [M+H]+)'(detected_fragment=173.0387;diff_ppm=4.4)"
103,19000,2600,377.1444,6.87,true,5456_5455_mod.mzXML|5458_5457_mod.mzXML|5452_5451_mod.mzXML,3.0,false,S|C,AF,22.0,27.0,,,"'4,6-dideoxy-4-hydroxylamino-D-glucose(C6H13NO5, putatively from glycoside)'(detected_loss=161.0702;diff_ppm=8.6)","'N-(2,5-dimethoxyphenyl)-2-[9-(4-methylphenyl)-6-oxohydropurin-8-ylthio]acetami de'(score=0.7155;algorithm=ms2query;diff_mz=96.9766)",,,
104,7500,1000,243.0857,9.51,false,,,,,,,,,,,,,,
105,10000,1700,825.7437,14.19,true,5452_5451_mod.mzXML,1.0,false,S,AF,19.0,25.0,true,,'N-Aniline-derivates(C6H7N)'(detected_loss=93.0587;diff_ppm=8.6),'Siomycin_A/Sporangiomycin'(score=0.8316;algorithm=ms2query;diff_mz=1.0047),'Siomycin_D1 M+H'(score=0.97;algorithm=ms2deepscore;diff_mz=8.0147)|'Siomycin_A/Sporangiomycin M+2H'(score=0.96;algorithm=ms2deepscore;diff_mz=1.0047)|'Siomycin_B M+2H'(score=0.96;algorithm=ms2deepscore;diff_mz=70.0297)|'Siomycin_A/Sporangiomycin M+2H'(score=0.94;algorithm=modified cosine;diff_mz=1.0047)|'Siomycin_B M+2H'(score=0.92;algorithm=modified cosine;diff_mz=70.0297)|'Siomycin_C M+H'(score=0.89;algorithm=ms2deepscore;diff_mz=6.9953),,"'Cys-Pip(y2, [M+H]+)'(detected_fragment=234.0738;diff_ppm=3.1)|'Gly-Met(y2, [M+H]+)'(detected_fragment=207.0791;diff_ppm=3.3)|'Met-Arg(b2, [M+H]+)'(detected_fragment=288.1479;diff_ppm=3.4)|'Cys-Pip(b2, [M+H]+)'(detected_fragment=216.0632;diff_ppm=3.6)|'Gly-Asn(y2, [M+H]+)'(detected_fragment=190.083;diff_ppm=4.0)"
106,11000,2500,826.237,15.49,true,5452_5451_mod.mzXML,1.0,false,S,AF,19.0,25.0,true,[M+3+2H]2+(partner_ID=82;adduct=[M+H]+;m/z=1648.4547),,'Methoxylated and dihydrogenated 14-bromodiscorhabdin C (+2)'(score=0.8074;algorithm=ms2query;diff_mz=252.337),'Siomycin_A/Sporangiomycin M+2H'(score=0.95;algorithm=modified cosine;diff_mz=1.498)|'Siomycin_A/Sporangiomycin M+2H'(score=0.95;algorithm=ms2deepscore;diff_mz=1.498)|'Siomycin_D1 M+H'(score=0.95;algorithm=ms2deepscore;diff_mz=8.508)|'Siomycin_B M+2H'(score=0.93;algorithm=modified cosine;diff_mz=70.523)|'Siomycin_B M+2H'(score=0.93;algorithm=ms2deepscore;diff_mz=70.523)|'Siomycin_C M+H'(score=0.85;algorithm=ms2deepscore;diff_mz=6.502)|'Siomycin_C M+H'(score=0.73;algorithm=modified cosine;diff_mz=6.502),,"'Ile-Pip(y2, [M+H]+)'(detected_fragment=244.1496;diff_ppm=0.8)|'Leu-Pip(y2, [M+H]+)'(detected_fragment=244.1496;diff_ppm=0.8)|'Cys-Pip(y2, [M+H]+)'(detected_fragment=234.0739;diff_ppm=2.7)|'Gly-Met(y2, [M+H]+)'(detected_fragment=207.0808;diff_ppm=4.9)|'Thr-Trp(y2, [M+H]+)'(detected_fragment=306.1468;diff_ppm=6.4)|'Cys-Pip(b2, [M+H]+)'(detected_fragment=216.0621;diff_ppm=8.7)"
107,13000,3200,492.3061,16.75,true,5456_5455_mod.mzXML|5452_5451_mod.mzXML,2.0,false,S,AF,7.0,20.0,true,,,,,'saccharochelin_A|BGC0002424|sim%:100.0|JABTEZ010000002.1_c6'(score=0.82;algorithm=ms2deepscore;diff_mz=224.1128)|'saccharochelin_B|BGC0002424|sim%:100.0|JABTEZ010000002.1_c6'(score=0.78;algorithm=ms2deepscore;diff_mz=224.1128)|'saccharochelin_C|BGC0002424|sim%:100.0|JABTEZ010000002.1_c6'(score=0.76;algorithm=ms2deepscore;diff_mz=238.1284)|'saccharochelin_G|BGC0002424|sim%:100.0|JABTEZ010000002.1_c6'(score=0.76;algorithm=ms2deepscore;diff_mz=266.1597)|'saccharochelin_D|BGC0002424|sim%:100.0|JABTEZ010000002.1_c6'(score=0.75;algorithm=ms2deepscore;diff_mz=238.1284)|'saccharochelin_E|BGC0002424|sim%:100.0|JABTEZ010000002.1_c6'(score=0.71;algorithm=ms2deepscore;diff_mz=252.1441),"'Asn-Asp(b2, [M+H]+)'(detected_fragment=230.0766;diff_ppm=2.4)"
108,17000,4700,480.3067,17.09,true,5456_5455_mod.mzXML|5458_5457_mod.mzXML|5452_5451_mod.mzXML,3.0,false,S|C,AF,7.0,28.0,,,,,'KF 77AG6 M+H'(score=0.81;algorithm=ms2deepscore;diff_mz=114.1167),'saccharochelin_D|BGC0002424|sim%:100.0|JABTEZ010000002.1_c6'(score=0.76;algorithm=ms2deepscore;diff_mz=250.1278)|'saccharochelin_E|BGC0002424|sim%:100.0|JABTEZ010000002.1_c6'(score=0.73;algorithm=ms2deepscore;diff_mz=264.1435)|'saccharochelin_C|BGC0002424|sim%:100.0|JABTEZ010000002.1_c6'(score=0.73;algorithm=ms2deepscore;diff_mz=250.1278)|'saccharochelin_G|BGC0002424|sim%:100.0|JABTEZ010000002.1_c6'(score=0.72;algorithm=ms2deepscore;diff_mz=278.1591)|'saccharochelin_A|BGC0002424|sim%:100.0|JABTEZ010000002.1_c6'(score=0.71;algorithm=ms2deepscore;diff_mz=236.1122),"'Asn-Asp(b2, [M+H]+)'(detected_fragment=230.0776;diff_ppm=2.0)"
109,12000,4900,494.3215,18.41,true,5456_5455_mod.mzXML|5452_5451_mod.mzXML,2.0,false,S,AF,7.0,8.0,true,,,,,,
110,6200,1900,482.3213,18.54,true,5456_5455_mod.mzXML|5452_5451_mod.mzXML,2.0,false,S,AF,7.0,29.0,true,,"'Trp-oxazole(ribosomal, putatively from AAs W-S)'(detected_loss=254.0932;diff_ppm=4.7)",,,,
112,10000,1300,663.1909,9.68,false,,,,,,,,,,,,,,
113,5400,680,647.197,9.82,false,,,,,,,,,,,,,,
114,6900,610,689.2105,2.03,false,,,,,,,,,,,,,,
115,5500,900,190.0841,6.14,false,,,,,,,,,,,,,,
116,11000,1400,334.1383,7.12,false,,,,,,,,,,,,,,
117,5400,860,1649.9559,15.09,false,,,,,,,,,,,,,,
118,5500,1300,496.3372,19.53,false,,,,,,,,,,,,,,
120,6600,1400,504.6968,1.64,false,,,,,,,,,,,,,,
121,10000,2200,513.7019,1.72,true,5458_5457_mod.mzXML,1.0,false,C,AF,23.0,30.0,,,,'unknown'(score=0.7581;algorithm=ms2query;diff_mz=64.5751),,,"'Asp-Trp(b2, [M+H]+)'(detected_fragment=302.1136;diff_ppm=0.2)|'Asp-Pip(y2, [M+H]+)'(detected_fragment=246.0929;diff_ppm=2.5)|'Pro-Pro(y2, [M+H]+)'(detected_fragment=213.1249;diff_ppm=7.2)|'Glu-His(y2, [M+H]+)'(detected_fragment=285.1168;diff_ppm=8.9)|'Asn-Met(b2, [M+H]+)'(detected_fragment=246.0929;diff_ppm=8.9)"
122,8100,1900,409.1802,3.6,true,5458_5457_mod.mzXML,1.0,false,C,AF,2.0,31.0,,,"'Pro-methyloxazoline(ribosomal, putatively from AAs P-T)'(detected_loss=181.0973;diff_ppm=1.7)|'Leucine-oxazole(ribosomal, putatively from AAs L-S)'(detected_loss=181.0973;diff_ppm=1.7)|'Isoleucine-oxazole(ribosomal, putatively from AAs I-S)'(detected_loss=181.0973;diff_ppm=1.7)|'Val-methyloxazole(ribosomal, putatively from AAs V-T)'(detected_loss=181.0973;diff_ppm=1.7)|'2xWater(2xH2O, putatively from metabolite)'(detected_loss=36.0212;diff_ppm=2.8)|'4-deoxy-4-thio-D-digitoxose (C6H12O3S, putatively from glycoside)'(detected_loss=146.0409;diff_ppm=5.1)|'Pro-methyloxazole(ribosomal, putatively from AAs P-T)'(detected_loss=179.0831;diff_ppm=6.1)|'His-thiazoline(ribosomal, putatively from AAs H-C)'(detected_loss=223.0666;diff_ppm=7.2)|'Pro-oxazole(ribosomal, putatively from AAs P-S)'(detected_loss=165.0672;diff_ppm=7.3)|'Dhb-methyloxazole(ribosomal, putatively from AAs T-T)'(detected_loss=165.0672;diff_ppm=7.3)",,,,"'Ser-Val(b2, [M+H]+)'(detected_fragment=187.1078;diff_ppm=0.4)|'Ala-Pro(y2, [M+H]+)'(detected_fragment=187.1078;diff_ppm=0.5)|'Val-Dha(y2, [M+H]+)'(detected_fragment=187.1078;diff_ppm=0.5)|'Pro-Glu(y2, [M+H]+)'(detected_fragment=245.113;diff_ppm=0.8)|'Val-Tyr(b2, [M+H]+)'(detected_fragment=263.1393;diff_ppm=1.1)|'Pro-Phe(y2, [M+H]+)'(detected_fragment=263.1393;diff_ppm=1.1)|'Ala-Pip(b2, [M+H]+)'(detected_fragment=184.0921;diff_ppm=1.1)|'Asn-Asn(y2, [M+H]+)'(detected_fragment=247.1033;diff_ppm=1.6)|'Ser-Asp(y2, [M+H]+)'(detected_fragment=221.0779;diff_ppm=4.9)|'Asp-Pip(b2, [M+H]+)'(detected_fragment=228.0829;diff_ppm=5.2)|'Gln-Phe(y2, [M+H]+)'(detected_fragment=294.143;diff_ppm=6.2)|'Thr-Gln(y2, [M+H]+)'(detected_fragment=248.1263;diff_ppm=8.9)|'Asp-Orn(y2, [M+H]+)'(detected_fragment=248.1263;diff_ppm=8.9)"
123,5000,1500,502.3212,5.72,false,,,,,,,,,,,,,,
124,7600,950,363.1068,5.98,false,,,,,,,,,,,,,,
125,10000,1600,457.1806,6.3,true,5458_5457_mod.mzXML,1.0,false,C,AF,2.0,32.0,,,"'3-O-carbamoyl-4-O-methyl-L-noviose(C9H17NO6, putatively from glycoside)'(detected_loss=217.0953;diff_ppm=1.3)|'2-bromo-5-hydroxytryptophan(Br-OH-Trp, putatively from nonribosomal peptide)'(detected_loss=281.1118;diff_ppm=6.1)|'D-3-bromo-N-methyl-Tyrosine(D-Br-NMe-Tyr, putatively from nonribosomal peptide)'(detected_loss=256.0987;diff_ppm=7.5)|'Tyr-methyloxazoline(ribosomal, putatively from AAs Y-T)'(detected_loss=247.1089;diff_ppm=7.7)|'Phe-oxazoline(ribosomal, putatively from AAs F-S)'(detected_loss=217.0953;diff_ppm=7.8)",,,,"'Asn-Dha(b2, [M+H]+)'(detected_fragment=184.0715;diff_ppm=0.9)|'Met-His(y2, [M+H]+)'(detected_fragment=287.1176;diff_ppm=1.3)|'Met-Phe(b2, [M+H]+)'(detected_fragment=279.1152;diff_ppm=3.5)|'Asn-Asn(b2, [M+H]+)'(detected_fragment=229.094;diff_ppm=3.8)|'Asn-Met(b2, [M+H]+)'(detected_fragment=246.0896;diff_ppm=4.5)|'Thr-Met(b2, [M+H]+)'(detected_fragment=233.0965;diff_ppm=4.5)|'Met-Dhb(y2, [M+H]+)'(detected_fragment=233.0965;diff_ppm=4.6)"
126,6000,690,166.0844,6.33,false,,,,,,,,,,,,,,
127,7100,850,555.2499,7.24,false,,,,,,,,,,,,,,
128,5200,750,211.1421,8.2,false,,,,,,,,,,,,,,
129,6300,1100,470.2855,15.07,false,,,,,,,,,,,,,,
130,6900,1200,484.301,15.34,false,,,,,,,,,,,,,,
131,5900,1500,437.1913,15.94,false,,,,,,,,,,,,,,
132,11000,2000,454.2903,17.11,true,D3_H3_mod.mzXML|5458_5457_mod.mzXML,2.0,true,,,7.0,8.0,,,"'Ser-thiazole(ribosomal, putatively from AAs S-C)'(detected_loss=171.0217;diff_ppm=1.8)|'Cys-oxazole(ribosomal, putatively from AAs C-S)'(detected_loss=171.0217;diff_ppm=1.8)|'Glu-thiazoline(ribosomal, putatively from AAs E-C)'(detected_loss=215.0482;diff_ppm=3.7)",'1-Palmitoyl-2-hydroxy-sn-glycero-3-phosphoethanolamine'(score=0.7419;algorithm=ms2query;diff_mz=0.0003),,'salinamide_D|BGC0001230|sim%:71.0|JABTEZ010000003.1_c2'(score=0.72;algorithm=ms2deepscore;diff_mz=552.1865),
133,7300,940,433.0049,1.83,false,,,,,,,,,,,,,,
134,5300,490,448.9785,1.88,false,,,,,,,,,,,,,,
135,7200,1300,203.0527,2.08,false,,,,,,,,,,,,,,
136,5900,810,276.1481,2.39,false,,,,,,,,,,,,,,
137,7300,1100,268.1025,3.34,false,,,,,,,,,,,,,,
138,6200,1300,310.1277,3.7,false,,,,,,,,,,,,,,
139,6100,780,188.0711,5.53,false,,,,,,,,,,,,,,
140,26000,4300,417.114,7.49,true,D3_H3_mod.mzXML,1.0,true,,,11.0,11.0,,,"'3-5-dichloro-4-hydroxyphenylglycine(Cl2-Hpg, putatively from nonribosomal peptide)'(detected_loss=218.0418;diff_ppm=1.2)|'D-glucose(C6H12O6, putatively from glycoside)'(detected_loss=162.051;diff_ppm=8.9)|'D-galactose(C6H12O6, putatively from glycoside)'(detected_loss=162.051;diff_ppm=8.9)|'D-mannose(C6H12O6, putatively from glycoside)'(detected_loss=162.051;diff_ppm=8.9)",'Daidzin'(score=0.841;algorithm=ms2query;diff_mz=0.002),,,"'Glu-Dha(b2, [M+H]+)'(detected_fragment=199.0722;diff_ppm=4.4)|'Asp-Dhb(b2, [M+H]+)'(detected_fragment=199.0722;diff_ppm=4.4)"
141,12000,1900,255.0614,7.5,false,,,,,,,,,,,,,,
142,9000,1600,271.0563,8.59,false,,,,,,,,,,,,,,
143,23000,3900,433.1091,8.59,true,D3_H3_mod.mzXML,1.0,true,,,11.0,11.0,,,"'D-glucose(C6H12O6, putatively from glycoside)'(detected_loss=162.052;diff_ppm=2.7)|'D-galactose(C6H12O6, putatively from glycoside)'(detected_loss=162.052;diff_ppm=2.7)|'D-mannose(C6H12O6, putatively from glycoside)'(detected_loss=162.052;diff_ppm=2.7)|'gulose(C6H12O6, putatively from glycoside)'(detected_loss=162.052;diff_ppm=5.1)|'glucose(C6H12O6, putatively from glycoside)'(detected_loss=162.052;diff_ppm=5.1)|'mannose(C6H12O6, putatively from glycoside)'(detected_loss=162.052;diff_ppm=5.1)",'Genistin'(score=0.8526;algorithm=ms2query;diff_mz=0.0019),,,
144,7400,920,459.1239,9.1,false,,,,,,,,,,,,,,
145,8500,1200,475.1176,10.19,false,,,,,,,,,,,,,,
146,56000,9300,274.2712,11.32,true,D3_H3_mod.mzXML,1.0,true,,,12.0,14.0,,,,,,,
147,5300,620,318.2964,11.39,false,,,,,,,,,,,,,,
148,16000,3400,302.3026,12.67,true,D3_H3_mod.mzXML,1.0,true,,,12.0,15.0,,,,,,,
149,13000,4100,330.3346,14.17,true,D3_H3_mod.mzXML,1.0,true,,,12.0,16.0,,,,,,'saccharochelin_B|BGC0002424|sim%:100.0|JABTEZ010000002.1_c6'(score=0.77;algorithm=ms2deepscore;diff_mz=386.0843)|'saccharochelin_A|BGC0002424|sim%:100.0|JABTEZ010000002.1_c6'(score=0.76;algorithm=ms2deepscore;diff_mz=386.0843)|'saccharochelin_E|BGC0002424|sim%:100.0|JABTEZ010000002.1_c6'(score=0.74;algorithm=ms2deepscore;diff_mz=414.1156),
150,21000,4100,518.3225,15.34,true,D3_H3_mod.mzXML,1.0,true,,,1.0,17.0,,,,'PC(16:0/16:1)'(score=0.7898;algorithm=ms2query;diff_mz=213.2245),,,"'Gln-Glu(b2, [M+H]+)'(detected_fragment=258.11;diff_ppm=6.0)|'Asn-Dha(b2, [M+H]+)'(detected_fragment=184.073;diff_ppm=7.2)"
151,6400,1700,640.3435,15.61,false,,,,,,,,,,,,,,
152,14000,3900,536.2837,15.92,true,D3_H3_mod.mzXML,1.0,true,,,13.0,18.0,,,"'Phe-methyloxazoline(ribosomal, putatively from AAs F-T)'(detected_loss=231.1126;diff_ppm=2.6)",,,,"'Cys-His(b2, [M+H]+)'(detected_fragment=241.0753;diff_ppm=0.3)"
153,30000,5200,520.3384,16.17,true,D3_H3_mod.mzXML,1.0,true,,,1.0,17.0,,,,'LPC 18:2'(score=0.8091;algorithm=ms2query;diff_mz=0.0016),,,"'Gln-Glu(b2, [M+H]+)'(detected_fragment=258.1075;diff_ppm=3.7)"
154,23000,3900,478.291,16.37,true,D3_H3_mod.mzXML,1.0,true,,,7.0,20.0,,,,,,'geosmin|BGC0001181|sim%:100.0|JABTEZ010000005.1_c2'(score=0.8;algorithm=ms2deepscore;diff_mz=295.1167)|'geosmin|BGC0000661|sim%:100.0|JABTEZ010000005.1_c2'(score=0.8;algorithm=ms2deepscore;diff_mz=295.1167)|'salinamide_E|BGC0001230|sim%:71.0|JABTEZ010000003.1_c2'(score=0.7;algorithm=ms2deepscore;diff_mz=377.1588),
155,89000,30000,520.3393,16.51,true,D3_H3_mod.mzXML,1.0,true,,,1.0,17.0,,,,'LPC 18:2'(score=0.8285;algorithm=ms2query;diff_mz=0.0007),,,"'Gln-Glu(b2, [M+H]+)'(detected_fragment=258.1075;diff_ppm=3.7)"
156,17000,2600,1039.6675,16.53,false,,,,,,,,,,,,,,
157,7200,1500,496.3377,16.98,false,,,,,,,,,,,,,,
158,54000,14000,496.3387,17.42,true,D3_H3_mod.mzXML,1.0,true,,,1.0,17.0,,,,'1-Hexadecanoyl-2-(9Z-octadecenoyl)-sn-glycero-3-phosphocholine'(score=0.927;algorithm=ms2query;diff_mz=264.2473),,,"'Gln-Glu(b2, [M+H]+)'(detected_fragment=258.1103;diff_ppm=7.2)"
159,24000,6800,522.3537,18.14,true,D3_H3_mod.mzXML,1.0,true,,,1.0,17.0,,,,'PC(16:1/22:6)'(score=0.9167;algorithm=ms2query;diff_mz=281.1933),,,"'Gln-Glu(b2, [M+H]+)'(detected_fragment=258.1091;diff_ppm=2.5)"
